iter	Logloss
0	0.6078932902
200	0.1066098879
400	0.102846216
600	0.09921522692
800	0.09595441013
1000	0.09293498739
1200	0.09007666355
1400	0.0873884023
1600	0.08475019328
1800	0.08227664439
2000	0.07977910529
2200	0.07749112532
2400	0.07522512224
2600	0.07307768504
2800	0.0710359692
2999	0.06900112745
